model,quantity
YT-0339,100
YT-0349,100
YT-0404,100
YT-0407,100
YT-04629,100
YT-04645,100
YT-0466,100
YT-0491,100
YT-0512,100
YT-0487,100
YT-05220,100
YT-05221,100
YT-0590,100
YT-06031,100
YT-0730,100
YT-09524,0
YT-09540,100
YT-1209,100
YT-1222,100
YT-10664,100
YT-1204,100
YT-1208,100
YT-1214,100
YT-1221,100
YT-1248,100
YT-1285,100
YT-1347,100
YT-1400,100
YT-1720,0
YT-1900,100
YT-1922,100
YT-2070,100
YT-2142,100
YT-22366,100
YT-25001,100
YT-25003,100
YT-25004,100
YT-2515,100
YT-2518,100
YT-25924,100
YT-25933,100
YT-25943,0
YT-2981,100
YT-30073,100
YT-3134,100
YT-31350,100
YT-3242,100
YT-3253,100
YT-3254,100
YT-3306,100
YT-3322,100
YT-3334,100
YT-3381,100
YT-33951,100
YT-3854,100
YT-4030,100
YT-4080,100
YT-4100,100
YT-4160,100
YT-37390,100
YT-38821,100
YT-38901,100
YT-43975,100
YT-43976,100
YT-43977,100
YT-43985,0
YT-44045,100
YT-44054,100
YT-44061,20
YT-44063,100
YT-44074,0
YT-44626,100
YT-44634,100
YT-44656,100
YT-44668,100
YT-44680,100
YT-44686,20
YT-44721,100
YT-44675,100
YT-47144,100
YT-47802,100
YT-51450,100
YT-52311,100
YT-5504,100
YT-59985,100
YT-60443,100
YT-60427,100
YT-6154,100
YT-61702,100
YT-61706,100
YT-61775,100
YT-6180,100
YT-6188,0
YT-6354,100
YT-64307,100
YT-61768,100
YT-61725,100
YT-70630,0
YT-70635,100
YT-70637,20
YT-70656,100
YT-71085,100
YT-74621,100
YT-74862,100
YT-74917,100
YT-74949,100
YT-76050,100
YT-7620,100
YT-75235,0
YT-80574,0
YT-80590,100
YT-80789,20
YT-80790,100
YT-80799,0
YT-80801,0
YT-80904,0
YT-80906,0
YT-818161,100
YT-81980,100
YT-82195,0
YT-82350,0
YT-82401,100
YT-82788,0
YT-82814,100
YT-82834,100
YT-82888,100
YT-82994,100
YT-82230,100
YT-83275,100
YT-83291,100
YT-83354,100
YT-83363,100
YT-83365,100
YT-83372,100
YT-83456,100
YT-83227,100
YT-83472,100
YT-83474,100
YT-8455,0
YT-85037,100
YT-85066,100
YT-86805,100
YT-8866,100
YT-00760,100
YT-00762,100
YT-00763,100
YT-0290,100
YT-03317,100
YT-0337,100
YT-0341,100
YT-03319,100
YT-04051,100
YT-04628,100
YT-0467,100
YT-04690,100
YT-0490,100
YT-0498,100
YT-0591,100
YT-06035,100
YT-0663,100
YT-0694,100
YT-07601,100
YT-0801,100
YT-1302,100
YT-1306,100
YT-1315,100
YT-1324,100
YT-1328,100
YT-1330,100
YT-14001,100
YT-1408,100
YT-1420,100
YT-1422,100
YT-1501,100
YT-1507,100
YT-1767,100
YT-1853,100
YT-18566,100
YT-1764,100
YT-19763,100
YT-2091,100
YT-2140,100
YT-22312,100
YT-21991,0
YT-22270,100
YT-22357,100
YT-22380,100
YT-2399,100
YT-25900,0
YT-25913,100
YT-25921,0
YT-25931,100
YT-2825,100
YT-2861,100
YT-2864,100
YT-29060,0
YT-2918,100
YT-2954,100
YT-2955,100
YT-2956,100
YT-2969,100
YT-2970,100
YT-2994,100
YT-3001,100
YT-3102,100
YT-31096,100
YT-3237,100
YT-3238,100
YT-3251,100
YT-3303,100
YT-3330,100
YT-3346,100
YT-3377,100
YT-3244,100
YT-33022,100
YT-34683,100
YT-34690,100
YT-34700,100
YT-3609,100
YT-36140,100
YT-36470,100
YT-36473,100
YT-36475,100
YT-36710,100
YT-36984,100
YT-37237,100
YT-36092,100
YT-3727,100
YT-3735,100
YT-3740,100
YT-37444,20
YT-3853,100
YT-4025,100
YT-4075,100
YT-4090,100
YT-38841,0
YT-43971,100
YT-43973,100
YT-43993,100
YT-44068,100
YT-44072,20
YT-44111,100
YT-44622,100
YT-44639,100
YT-44642,100
YT-44773,100
YT-47149,100
YT-47160,100
YT-47195,100
YT-4761,100
YT-47695,100
YT-47696,100
YT-47697,100
YT-47698,100
YT-5130,100
YT-5142,100
YT-52192,20
YT-52197,100
YT-52314,100
YT-5261,100
YT-54230,100
YT-59177,20
YT-59941,100
YT-60378,100
YT-60422,100
YT-60445,100
YT-60428,100
YT-60432,100
YT-61719,100
YT-61771,100
YT-6187,100
YT-61770,100
YT-69940,100
YT-7001,100
YT-7052,100
YT-70561,100
YT-70638,100
YT-70639,20
YT-70659,0
YT-70722,100
YT-70723,100
YT-7110,100
YT-7463,0
YT-74633,100
YT-7624,100
YT-76266,100
YT-80280,0
YT-80528,100
YT-80585,0
YT-80586,0
YT-80578,0
YT-80848,100
YT-80905,100
YT-82015,100
YT-82020,20
YT-82101,100
YT-821023,20
YT-82181,20
YT-82190,100
YT-82430,100
YT-8272,100
YT-82786,100
YT-82822,100
YT-82986,0
YT-82270,0
YT-82843,0
YT-83233,100
YT-83272,100
YT-83292,100
YT-83294,100
YT-83373,100
YT-83393,100
YT-83434,100
YT-83436,100
YT-83452,100
YT-83458,100
YT-83384,100
YT-85022,100
YT-85205,0
YT-8800,100
YT-8869,100
YT-00761,100
YT-00764,100
YT-0138,100
YT-0324,100
YT-0343,100
YT-0345,100
YT-0360,100
YT-0406,100
YT-0411,100
YT-04691,100
YT-0500,100
YT-0511,100
YT-05211,100
YT-06822,100
YT-0699,100
YT-0824,100
YT-1217,100
YT-1202,100
YT-1210,100
YT-1225,100
YT-1233,100
YT-1239,100
YT-1303,100
YT-1308,100
YT-1348,100
YT-1405,100
YT-1410,100
YT-1417,100
YT-1418,100
YT-1429,100
YT-14471,100
YT-14461,100
YT-1503,100
YT-1508,100
YT-17632,100
YT-19765,100
YT-2008,100
YT-20433,100
YT-2147,100
YT-21850,100
YT-2217,100
YT-22271,100
YT-22376,100
YT-23732,100
YT-2393,100
YT-2401,100
YT-2406,100
YT-2407,100
YT-24206,100
YT-24209,100
YT-2521,100
YT-22377,100
YT-25910,0
YT-25912,100
YT-25920,100
YT-25929,100
YT-28631,100
YT-2951,100
YT-2964,100
YT-2965,100
YT-3107,100
YT-30074,100
YT-29001,100
YT-2945,20
YT-3240,100
YT-3243,100
YT-3250,100
YT-3256,100
YT-3258,100
YT-3304,100
YT-3324,100
YT-3333,100
YT-3338,100
YT-3351,100
YT-3373,100
YT-33833,100
YT-3245,100
YT-34686,100
YT-37200,100
YT-3804,100
YT-3830,100
YT-4020,100
YT-4050,100
YT-41926,100
YT-38782,100
YT-43992,100
YT-44059,100
YT-44062,20
YT-44633,100
YT-44632,100
YT-44645,100
YT-44640,100
YT-44661,0
YT-44663,100
YT-44673,100
YT-44684,100
YT-44687,100
YT-44723,100
YT-44725,100
YT-44726,100
YT-44759,100
YT-44764,100
YT-44767,100
YT-4603,100
YT-4622,100
YT-47147,100
YT-47161,100
YT-47792,100
YT-52193,0
YT-5260,100
YT-59168,20
YT-60374,100
YT-60401,100
YT-60402,100
YT-60409,100
YT-60431,100
YT-59170,100
YT-60425,100
YT-60429,100
YT-6141,100
YT-61716,100
YT-67423,100
YT-6750,100
YT-6916,100
YT-69290,100
YT-69291,100
YT-61726,0
YT-7024,100
YT-70651,100
YT-70652,20
YT-70653,100
YT-70791,20
YT-70797,100
YT-7111,100
YT-73200,0
YT-69287,100
YT-7380,100
YT-73810,100
YT-7413,100
YT-7561,100
YT-8020,20
YT-80281,20
YT-80289,100
YT-80583,100
YT-80787,100
YT-80844,100
YT-80849,0
YT-80900,20
YT-80917,0
YT-82097,100
YT-82120,0
YT-82274,0
YT-8271,100
YT-82810,100
YT-82832,20
YT-82901,100
YT-82988,100
YT-82844,0
YT-83271,100
YT-83295,100
YT-83355,100
YT-83361,100
YT-83362,100
YT-83371,100
YT-83375,100
YT-83396,100
YT-83435,100
YT-83451,100
YT-83454,100
YT-83229,100
YT-83477,100
YT-85065,100
YT-8870,100
YT-0338,100
YT-0357,100
YT-0408,100
YT-0409,100
YT-0412,100
YT-0420,100
YT-04621,100
YT-0486,100
YT-0520,0
YT-05213,100
YT-05227,100
YT-05228,100
YT-0843,100
YT-1009,100
YT-1037,100
YT-1213,100
YT-1215,100
YT-1226,100
YT-1206,100
YT-1231,100
YT-1242,100
YT-1255,100
YT-12681,100
YT-1301,100
YT-1310,100
YT-1311,100
YT-1312,100
YT-1314,100
YT-1322,100
YT-1419,100
YT-1426,100
YT-14501,100
YT-1674,100
YT-1768,100
YT-1851,100
YT-1852,100
YT-17635,100
YT-2037,100
YT-2069,100
YT-2216,100
YT-22274,100
YT-2231,100
YT-2371,100
YT-2390,100
YT-2395,100
YT-2397,100
YT-24201,100
YT-24202,100
YT-24207,100
YT-24224,100
YT-24225,100
YT-25862,100
YT-25906,100
YT-25942,100
YT-25966,100
YT-2919,100
YT-29220,100
YT-2992,100
YT-2995,100
YT-3002,100
YT-3246,100
YT-3247,100
YT-3321,100
YT-3323,100
YT-3343,100
YT-3345,100
YT-3349,100
YT-34680,100
YT-34712,100
YT-36095,100
YT-3726,100
YT-3801,100
YT-38683,100
YT-4035,100
YT-4048,100
YT-4060,100
YT-4070,100
YT-38872,20
YT-43983,100
YT-43984,20
YT-44057,0
YT-44064,100
YT-44073,100
YT-44674,100
YT-44756,100
YT-44757,100
YT-44768,100
YT-4601,100
YT-44664,100
YT-4691,100
YT-47146,100
YT-47800,100
YT-47869,0
YT-5226,100
YT-52310,100
YT-60377,100
YT-6045,100
YT-61680,100
YT-61705,100
YT-61711,100
YT-6353,100
YT-67422,100
YT-6192,100
YT-7054,100
YT-70562,0
YT-70657,100
YT-70855,100
YT-71086,100
YT-71540,0
YT-73861,100
YT-74824,100
YT-7980,100
YT-80163,0
YT-80169,0
YT-8029,100
YT-8030,100
YT-80524,100
YT-80527,100
YT-80580,0
YT-80584,100
YT-80589,0
YT-80802,0
YT-80901,20
YT-80910,0
YT-8174,100
YT-82105,100
YT-82154,100
YT-82159,100
YT-82281,100
YT-82288,0
YT-82292,100
YT-82402,100
YT-82607,100
YT-82780,100
YT-82794,100
YT-828135,100
YT-82830,0
YT-82980,100
YT-82982,100
YT-82990,100
YT-82280,0
YT-83051,0
YT-83273,100
YT-83274,100
YT-83353,100
YT-83364,100
YT-83432,100
YT-83230,100
YT-83433,100
YT-83471,100
YT-84870,100
YT-85026,100
YT-85031,100
YT-85032,100
YT-85915,100
YT-8843,100
YT-8867,100
YT-00766,100
YT-0325,100
YT-0340,100
YT-0346,100
YT-0348,100
YT-0352,100
YT-0359,100
YT-0413,100
YT-04699,100
YT-05215,100
YT-05222,100
YT-0585,100
YT-0620,100
YT-0732,100
YT-08429,100
YT-1211,100
YT-1212,100
YT-1223,100
YT-1237,100
YT-1258,100
YT-1259,100
YT-1313,100
YT-1317,100
YT-1318,100
YT-1320,20
YT-1323,100
YT-1350,100
YT-1412,100
YT-1431,100
YT-1437,100
YT-13465,100
YT-1679,100
YT-19767,100
YT-2006,100
YT-2141,100
YT-21735,100
YT-2210,100
YT-2215,100
YT-22360,100
YT-2260,100
YT-2270,100
YT-2375,100
YT-2391,100
YT-25005,100
YT-2519,100
YT-2523,100
YT-2313,100
YT-25901,100
YT-25911,100
YT-25902,100
YT-25940,100
YT-2985,100
YT-2996,100
YT-3101,100
YT-3103,100
YT-3106,100
YT-31097,100
YT-3130,100
YT-30397,100
YT-3236,100
YT-3239,100
YT-3311,100
YT-3332,100
YT-3372,100
YT-33832,100
YT-3249,100
YT-34689,100
YT-34691,100
YT-34713,0
YT-36011,100
YT-36474,100
YT-37236,100
YT-37450,100
YT-3823,0
YT-3829,100
YT-38941,100
YT-4042,100
YT-44056,100
YT-44069,100
YT-44150,100
YT-44051,100
YT-44658,100
YT-44667,100
YT-44654,100
YT-44659,100
YT-44682,100
YT-44683,100
YT-44705,100
YT-44724,100
YT-44766,100
YT-44730,100
YT-47141,100
YT-47335,100
YT-47553,100
YT-4763,100
YT-47770,100
YT-47801,100
YT-5140,100
YT-5141,100
YT-52191,100
YT-52198,20
YT-52313,100
YT-52312,100
YT-54740,0
YT-54742,100
YT-54744,20
YT-54952,0
YT-60441,100
YT-60446,100
YT-60447,20
YT-6046,100
YT-5792,0
YT-6140,100
YT-61701,100
YT-61712,100
YT-61714,100
YT-61718,100
YT-61773,100
YT-6512,100
YT-67441,100
YT-67460,100
YT-67580,100
YT-61772,100
YT-61727,100
YT-7007,100
YT-7022,100
YT-7023,100
YT-7055,100
YT-70563,100
YT-70631,20
YT-70633,0
YT-70650,100
YT-70655,100
YT-70721,100
YT-70792,100
YT-71087,100
YT-7360,100
YT-73632,0
YT-73701,100
YT-75261,100
YT-8001,100
YT-80158,0
YT-8021,100
YT-80285,100
YT-80577,0
YT-80791,100
YT-80847,100
YT-82110,100
YT-82122,100
YT-82152,100
YT-82127,0
YT-82272,0
YT-82760,100
YT-82804,20
YT-82903,100
YT-83293,100
YT-83356,100
YT-83366,100
YT-83374,100
YT-83376,100
YT-83382,100
YT-83383,100
YT-83392,100
YT-83453,100
YT-83385,100
YT-83391,100
YT-83473,100
YT-85025,100
YT-85036,100
YT-00765,100
YT-0135,100
YT-0202,100
YT-0307,100
YT-03318,100
YT-0342,100
YT-0358,100
YT-0405,100
YT-04052,100
YT-0410,100
YT-0415,100
YT-0434,0
YT-04685,100
YT-0450,0
YT-0451,0
YT-0485,100
YT-05225,100
YT-0624,100
YT-0660,100
YT-0696,100
YT-1203,100
YT-1219,100
YT-1232,100
YT-1234,100
YT-1244,100
YT-1236,100
YT-1305,100
YT-1307,100
YT-1319,100
YT-1407,100
YT-1409,100
YT-1423,100
YT-1424,100
YT-1427,100
YT-1430,100
YT-1432,100
YT-1681,100
YT-1682,100
YT-1683,100
YT-1766,100
YT-1964,100
YT-2036,100
YT-2090,100
YT-2143,100
YT-2146,100
YT-2218,100
YT-21851,100
YT-24980,100
YT-2384,100
YT-2392,100
YT-25903,0
YT-25905,100
YT-25907,100
YT-25925,100
YT-28921,0
YT-2920,100
YT-2952,100
YT-3004,100
YT-30071,100
YT-31343,100
YT-3241,100
YT-3255,100
YT-3317,100
YT-3329,100
YT-3350,100
YT-3371,100
YT-3374,100
YT-33935,100
YT-34685,100
YT-34703,100
YT-34710,100
YT-34711,100
YT-35881,100
YT-36119,100
YT-36471,100
YT-36472,100
YT-36476,100
YT-36742,100
YT-37170,100
YT-37235,0
YT-36725,100
YT-37364,100
YT-4032,100
YT-4085,100
YT-44050,100
YT-44055,100
YT-44067,20
YT-44100,100
YT-44627,100
YT-44630,100
YT-44637,100
YT-44650,100
YT-44653,100
YT-44681,100
YT-44752,100
YT-44769,100
YT-44770,100
YT-44772,100
YT-44776,100
YT-44666,100
YT-4570,100
YT-4620,100
YT-4692,100
YT-47142,100
YT-47150,100
YT-51452,100
YT-54233,100
YT-54743,100
YT-59167,100
YT-59175,0
YT-60376,100
YT-60421,100
YT-60442,100
YT-59169,0
YT-60424,100
YT-60430,100
YT-6142,0
YT-61700,100
YT-6182,100
YT-6193,100
YT-6503,100
YT-6903,100
YT-6925,0
YT-6927,100
YT-7053,100
YT-70720,100
YT-71541,100
YT-7362,100
YT-73845,100
YT-7409,100
YT-74919,100
YT-75072,100
YT-75122,100
YT-7520,100
YT-75262,100
YT-7531,100
YT-76261,100
YT-73521,100
YT-80170,0
YT-80284,0
YT-80525,100
YT-80526,100
YT-80587,0
YT-80788,100
YT-818141,100
YT-82034,100
YT-82141,100
YT-82172,0
YT-82196,100
YT-82200,100
YT-82782,0
YT-82845,0
YT-82976,0
YT-82984,100
YT-82985,100
YT-82818,100
YT-83232,100
YT-83276,100
YT-83397,100
YT-83430,100
YT-83431,100
YT-83438,100
YT-83475,100
YT-85067,100
YT-85220,100
YT-8801,100
YT-8868,100
YT-0136,100
YT-0137,100
YT-0143,100
YT-0316,100
YT-0344,100
YT-0351,100
YT-0465,100
YT-04681,100
YT-0441,0
YT-04641,100
YT-0492,100
YT-0496,100
YT-0499,100
YT-0693,100
YT-1039,100
YT-1207,100
YT-1220,100
YT-1224,100
YT-1228,100
YT-1201,100
YT-1235,100
YT-1238,100
YT-1243,100
YT-12439,100
YT-1252,100
YT-1309,100
YT-1316,100
YT-1326,100
YT-1406,100
YT-1411,100
YT-1438,100
YT-1502,100
YT-1505,100
YT-1676,100
YT-1678,100
YT-1685,100
YT-1765,100
YT-17631,0
YT-17633,100
YT-1965,100
YT-1970,100
YT-19764,100
YT-19766,100
YT-20430,100
YT-2212,100
YT-2213,100
YT-2214,100
YT-22272,100
YT-21840,100
YT-22373,100
YT-23733,100
YT-2396,100
YT-2398,100
YT-2404,100
YT-2405,100
YT-24203,100
YT-24204,100
YT-25002,100
YT-2517,100
YT-2520,100
YT-2522,100
YT-25914,100
YT-25923,100
YT-25930,100
YT-25965,100
YT-2950,100
YT-2953,100
YT-2961,100
YT-2962,100
YT-2983,100
YT-2993,100
YT-3003,100
YT-3005,100
YT-31095,100
YT-3308,100
YT-3318,100
YT-3327,100
YT-3336,100
YT-3370,100
YT-33021,100
YT-33971,20
YT-33972,100
YT-34687,100
YT-35880,100
YT-3590,100
YT-3728,100
YT-3736,100
YT-37440,100
YT-3832,100
YT-39820,100
YT-4110,100
YT-4120,100
YT-4140,100
YT-44052,100
YT-44053,100
YT-44058,100
YT-44060,100
YT-44065,100
YT-44070,100
YT-44112,100
YT-44071,100
YT-44643,100
YT-44685,100
YT-44688,20
YT-44690,100
YT-44700,100
YT-44751,100
YT-4602,100
YT-4623,100
YT-47143,100
YT-47145,100
YT-47200,0
YT-47777,100
YT-5230,100
YT-52621,100
YT-5262,100
YT-54741,100
YT-5503,100
YT-59176,0
YT-6017,20
YT-60372,100
YT-60373,100
YT-60379,100
YT-60433,100
YT-60444,100
YT-59165,100
YT-60426,20
YT-61715,100
YT-6183,100
YT-6194,0
YT-6355,100
YT-67380,100
YT-6753,100
YT-61724,100
YT-70632,100
YT-70634,100
YT-70636,100
YT-70654,100
YT-70658,0
YT-70787,100
YT-70870,100
YT-73855,100
YT-75121,0
YT-75260,100
YT-76051,100
YT-73700,100
YT-80175,20
YT-80287,100
YT-80529,100
YT-80573,0
YT-80575,0
YT-80591,100
YT-80576,0
YT-80797,0
YT-80846,100
YT-80909,20
YT-82100,100
YT-821024,100
YT-82135,0
YT-82220,100
YT-8273,100
YT-82806,100
YT-82826,100
YT-82842,0
YT-83296,100
YT-83394,100
YT-83399,100
YT-83401,100
YT-83455,100
YT-83457,100
YT-83386,100
YT-83390,100
YT-85200,100
YT-8865,100
YT-0208,100
YT-0322,100
YT-0347,100
YT-0353,100
YT-0354,100
YT-0355,100
YT-0356,100
YT-0400,100
YT-0414,100
YT-04630,100
YT-04631,100
YT-04635,100
YT-04682,100
YT-04683,100
YT-04684,100
YT-04686,100
YT-0468,100
YT-0501,100
YT-0521,100
YT-0497,100
YT-05212,100
YT-05214,100
YT-05226,20
YT-0623,100
YT-06251,100
YT-06255,100
YT-0661,100
YT-0695,100
YT-0731,100
YT-07605,100
YT-09632,100
YT-1007,100
YT-1229,100
YT-1205,100
YT-1216,100
YT-1218,100
YT-1227,100
YT-1230,100
YT-1240,100
YT-1246,100
YT-1247,100
YT-1297,100
YT-1304,100
YT-1401,100
YT-1421,100
YT-14451,0
YT-1680,100
YT-1684,100
YT-17634,100
YT-1924,100
YT-2007,100
YT-20435,100
YT-2144,20
YT-2145,100
YT-2211,100
YT-21793,0
YT-22273,100
YT-22375,100
YT-2372,100
YT-2394,100
YT-2402,100
YT-2403,100
YT-24220,100
YT-24221,100
YT-2516,100
YT-25861,20
YT-25904,0
YT-25908,100
YT-25909,100
YT-28920,100
YT-2963,100
YT-2967,100
YT-2982,100
YT-2984,100
YT-30072,100
YT-2944,100
YT-3248,100
YT-3252,100
YT-3257,100
YT-3313,100
YT-3315,100
YT-3353,100
YT-33023,100
YT-33970,100
YT-34681,100
YT-34682,100
YT-34684,0
YT-36012,100
YT-36112,100
YT-3725,100
YT-3806,100
YT-4040,100
YT-4045,100
YT-4052,100
YT-4055,100
YT-4065,100
YT-43970,0
YT-43972,100
YT-43974,100
YT-43981,20
YT-44066,100
YT-44113,100
YT-44625,100
YT-44631,100
YT-44635,100
YT-44652,100
YT-44657,100
YT-44655,100
YT-44662,100
YT-44660,100
YT-44689,100
YT-44710,0
YT-44722,100
YT-44750,100
YT-44754,100
YT-44755,100
YT-44760,100
YT-44761,100
YT-44763,100
YT-44765,100
YT-44758,100
YT-4694,100
YT-47148,100
YT-47820,100
YT-5218,100
YT-5228,100
YT-52471,100
YT-52780,100
YT-6016,100
YT-60375,100
YT-60403,100
YT-60423,100
YT-60435,100
YT-60436,20
YT-61703,100
YT-61704,100
YT-61707,100
YT-61717,100
YT-6185,100
YT-6225,100
YT-6356,100
YT-6501,100
YT-6502,100
YT-6751,100
YT-6926,100
YT-61769,100
YT-61723,100
YT-7025,100
YT-7051,100
YT-70560,20
YT-7105,100
YT-7112,100
YT-73641,100
YT-7410,100
YT-7414,100
YT-7551,100
YT-7623,100
YT-76260,100
YT-80572,0
YT-80579,0
YT-80588,20
YT-80786,100
YT-80798,0
YT-80800,0
YT-80820,100
YT-80845,100
YT-80903,20
YT-80911,100
YT-82021,100
YT-82800,0
YT-82809,0
YT-82828,100
YT-82829,0
YT-82904,20
YT-82992,100
YT-83228,100
YT-83231,100
YT-83351,100
YT-83352,100
YT-83381,100
YT-83400,100
YT-83437,100
YT-83476,100
YT-85027,100
YT-85030,100
YT-85035,100
YT-85910,100
YT-86809,100
YT-8823,100
